ad_number,base_ad_number,base_year,cohort,family,ata,strata,rationale,logical_version_key,revision_number,is_correction,issue_date,page_count,file_name,relative_path,file_instance_id,content_id,file_sha256,normalized_text_sha256,drive_file_id,pdf_url,detail_url,supersedes_ad_numbers,superseded_by_ad_numbers,supersedure_header,human_review,selection_status,selection_frozen_on
2006-0077,2006-0077,2006,2006-2018,A300/A310,33,legacy_format|complex_applicability,Legacy A310/A300-600 emergency-lighting case; adds ATA 33 coverage.,2006-0077|UNCORRECTED,0,False,2006-04-03,2,2006-0077__AD_2006-0077_1__easa_ad_2006_0077.pdf,2006-0077__AD_2006-0077_1__easa_ad_2006_0077.pdf,d5877768ebe69914,f2f2257c6fdb4893,f2f2257c6fdb4893eaee3f660d41da367a26c8a7186a6a7333c372d2a1905389,2436b9690783c9ed9c8e5e6a1a08f7f2f255690ae4d0569909fd8a42ce6cee2e,19gVxwK0wOWacPXdng3vkjn82bvB4Rchl,https://ad.easa.europa.eu/blob/easa_ad_2006_0077.pdf/AD_2006-0077_1,https://ad.easa.europa.eu/ad/2006-0077,,,None,required,selected_pdf_hash_verified,2026-07-30
2007-0249,2007-0249,2007,2006-2018,A318-A321,26,legacy_format|simple,Short cargo fire-extinguishing wiring inspection; adds ATA 26 coverage.,2007-0249|UNCORRECTED,0,False,2007-09-24,2,2007-0249__AD_2007-0249_1__easa_ad_2007_0249.pdf,2007-0249__AD_2007-0249_1__easa_ad_2007_0249.pdf,7a239ec5c306fa6d,18185cd18d1593eb,18185cd18d1593eb0b040e8a65fb4ff60e881622f180b1928af393479bc20f4e,571c086d66dd5d97cd3db058d61e72b8a889c4d231a77c43fea529554bb59202,1JGywDXj5HKWMErK-kLtZ9KIkIdexjSB_,https://ad.easa.europa.eu/blob/easa_ad_2007_0249.pdf/AD_2007-0249_1,https://ad.easa.europa.eu/ad/2007-0249,,,None,required,selected_pdf_hash_verified,2026-07-30
2008-0066,2008-0066,2008,2006-2018,A310,54,legacy_format|threshold_logic,A310 pylon structural inspection with model-dependent thresholds; adds ATA 54.,2008-0066|UNCORRECTED,0,False,2008-03-31,2,2008-0066__AD_2008-0066_1__easa_ad_2008_0066.pdf,2008-0066__AD_2008-0066_1__easa_ad_2008_0066.pdf,843fc74e8a4f44c0,38d8906ac3e9ee2b,38d8906ac3e9ee2bae16dcd13c81d3a8732873de06d24b8188dbd490b2637e74,77f9b447970692a7bb33f2a1d78932922d5fe4c739778b37afdd270f0bd69a4e,1_BTVhCe0XtOD6lpFenAwdhIh8wHDleLy,https://ad.easa.europa.eu/blob/easa_ad_2008_0066.pdf/AD_2008-0066_1,https://ad.easa.europa.eu/ad/2008-0066,,,None,required,selected_pdf_hash_verified,2026-07-30
2009-0171,2009-0171,2009,2006-2018,A300/A310/A300-600ST,26|29,multi_ata|broad_family,Legacy and Beluga multi-ATA valve case spanning ATA 26 and 29.,2009-0171|UNCORRECTED,0,False,2009-08-05,3,2009-0171__AD_2009-0171_1__easa_ad_2009_0171.pdf,2009-0171__AD_2009-0171_1__easa_ad_2009_0171.pdf,6edf8772870b3a19,09e691494295d6e9,09e691494295d6e90abb0d38230ebb14679c4769c4389462ac296f33b856828a,34e979afabb3d33a32e98e0d0ffdf7f15855972e36b033305141f783f3031d41,1A8PHd6ztJ0DTY4Kp9YqFQUD236bl_Rs9,https://ad.easa.europa.eu/blob/easa_ad_2009_0171.pdf/AD_2009-0171_1,https://ad.easa.europa.eu/ad/2009-0171,,,None,required,selected_pdf_hash_verified,2026-07-30
2010-0271,2010-0271,2010,2006-2018,A330/A340,22,operational_procedure|simple,Short A330/A340 autopilot and autothrust procedure; adds ATA 22.,2010-0271|UNCORRECTED,0,False,2010-12-22,2,2010-0271__AD_2010-0271_1__easa_ad_2010_0271.pdf,2010-0271__AD_2010-0271_1__easa_ad_2010_0271.pdf,2db3e9f8dfdadc71,f4793f605684347c,f4793f605684347cc73dec4f6701b9bb9d60500c3cf1b4a1212efa9c2eb66f82,8d2b79a61c0b9d63b2ceecd1c30273fc5dec98dc4f48d5398402291858450036,130OaLN8O0-Vyo1KBRKtEEqqAdIhIzDVi,https://ad.easa.europa.eu/blob/easa_ad_2010_0271.pdf/AD_2010-0271_1,https://ad.easa.europa.eu/ad/2010-0271,,,None,required,selected_pdf_hash_verified,2026-07-30
2011-0098,2011-0098,2011,2006-2018,Multi-family,25,broad_family|long_document|multi_manufacturer,"Six-page passenger-seat case spanning Airbus, Boeing and Fokker types.",2011-0098|UNCORRECTED,0,False,2011-06-02,6,2011-0098__AD_2011-0098_1__easa_ad_2011_0098.pdf,2011-0098__AD_2011-0098_1__easa_ad_2011_0098.pdf,ee69a71e72e4a031,daf011b8adbfcd23,daf011b8adbfcd23d47aac0c15a431c1ad7aa1f75183587f786c280691fff3d2,376b93264fadccf65124613ba26102374f41068602950b1d87ca73d96d0cd9e7,1aqBDF3iO3wnmIGOkUomES1TtqvaWU8qq,https://ad.easa.europa.eu/blob/easa_ad_2011_0098.pdf/AD_2011-0098_1,https://ad.easa.europa.eu/ad/2011-0098,,,None,required,selected_pdf_hash_verified,2026-07-30
2012-0259,2012-0259,2012,2006-2018,A340,38,simple|modification,Short A340-500/-600 waste-water modification; adds ATA 38 coverage.,2012-0259|UNCORRECTED,0,False,2012-12-06,2,2012-0259__AD_2012-0259_1__easa_ad_2012_0259.pdf,2012-0259__AD_2012-0259_1__easa_ad_2012_0259.pdf,71d534e47740b13c,dcf033fc02d9ff25,dcf033fc02d9ff25cd44fb4ae129e9d2d9daa808af2b484c6748e329fa69d151,f9e26085004f12e8bce541399fd0c5f08502216b83d1e3ff489219dd9963dbab,1IO6oBOObwzmYZlim1fmOBg_ePGe_zPkF,https://ad.easa.europa.eu/blob/easa_ad_2012_0259.pdf/AD_2012-0259_1,https://ad.easa.europa.eu/ad/2012-0259,,,None,required,selected_pdf_hash_verified,2026-07-30
2013-0011,2013-0011,2013,2006-2018,A318-A321,56,complex_applicability|inspection_modification,A320-family sliding-window seal case; adds ATA 56 coverage.,2013-0011|UNCORRECTED,0,False,2013-01-15,3,2013-0011__AD_2013-0011_1__easa_ad_2013_0011.pdf,2013-0011__AD_2013-0011_1__easa_ad_2013_0011.pdf,5f652dd0aa52e54f,43f6b5ed0090e9ad,43f6b5ed0090e9ad4b974b38523a3eb53c1731b0d52aa54663c63a2d01de5c48,f3145b5a61bf44f3b3c143ff7edbd74e3d7a574af92cac578642e80eb4b85d9b,17dTKXg7u1nIz7MrjVv8C5xJ7vksUxWSV,https://ad.easa.europa.eu/blob/easa_ad_2013_0011.pdf/AD_2013-0011_1,https://ad.easa.europa.eu/ad/2013-0011,,,None,required,selected_pdf_hash_verified,2026-07-30
2016-0175,2016-0175,2016,2006-2018,A380,36,part_conditioned|replacement,A380 pneumatic duct material replacement; adds A380 and ATA 36 coverage.,2016-0175|UNCORRECTED,0,False,2016-09-14,3,2016-0175__AD_2016-0175_1__EASA_AD_2016_0175.pdf,2016-0175__AD_2016-0175_1__EASA_AD_2016_0175.pdf,c13a622de38db424,c7b752326e99a44b,c7b752326e99a44bf6d7a24f781a8c8bdad976fb4b5382a57115b88fa9866353,d3b667f5d2f14cb1582a7063d134db877e9558c3ec5922895b38fe0ef5470c59,15eAtnuNUkC_PB5kZI-yDa_79mqYrUq4A,https://ad.easa.europa.eu/blob/EASA_AD_2016_0175.pdf/AD_2016-0175_1,https://ad.easa.europa.eu/ad/2016-0175,,,None,required,selected_pdf_hash_verified,2026-07-30
2018-0246,2018-0246,2018,2006-2018,A350,36,afm_amendment|modification,A350 bleed-air modification with an AFM amendment requirement.,2018-0246|UNCORRECTED,0,False,2018-11-27,3,2018-0246__AD_2018-0246_1__EASA_AD_2018_0246.pdf,2018-0246__AD_2018-0246_1__EASA_AD_2018_0246.pdf,0ffbff521ab9746f,23a12457cfa740b4,23a12457cfa740b45c583778e23c85abd9225eb7db58127f30914e6733d3e364,949fedf17cc5f7caa7062817dfce18264bd24b5aec8caafced87f1c7d7d02b14,17mB8DS9Gwz7WjyGLnrlrMWK5T4rGmqR_,https://ad.easa.europa.eu/blob/EASA_AD_2018_0246.pdf/AD_2018-0246_1,https://ad.easa.europa.eu/ad/2018-0246,,,None,required,selected_pdf_hash_verified,2026-07-30
2019-0188,2019-0188,2019,2019-2026,A300-600ST,29,functional_test|complex_compliance,Beluga hydraulic reservoir line functional tests; recent ATA 29 case.,2019-0188|UNCORRECTED,0,False,2019-08-31,3,2019-0188__AD_2019-0188_1__EASA_AD_2019_0188.pdf,2019-0188__AD_2019-0188_1__EASA_AD_2019_0188.pdf,1d1f6357de0f3352,0ad4199c96e95aa1,0ad4199c96e95aa1c46f703a75c10b306fc914be416a84a7a4c5ecf456e318d6,3c417c43e50e3656994d29a18a07371e50d80dd2beec6f19ae1729ec5b2db725,1Bw5u4uQGLKh3b_ChfmkonKYgPQrKPgUx,https://ad.easa.europa.eu/blob/EASA_AD_2019_0188.pdf/AD_2019-0188_1,https://ad.easa.europa.eu/ad/2019-0188,,,None,required,selected_pdf_hash_verified,2026-07-30
2020-0016,2020-0016,2020,2019-2026,A380,36,configuration_grouped|part_conditioned,A380 bleed-air valve modification/replacement with configuration groups.,2020-0016|UNCORRECTED,0,False,2020-02-13,3,2020-0016__AD_2020-0016_1__EASA_AD_2020_0016.pdf,2020-0016__AD_2020-0016_1__EASA_AD_2020_0016.pdf,5c6e21ab23447af0,2408ee87eb214d5b,2408ee87eb214d5b09b401ef3ab1137c240ff00e128f6b81fddb3ea2410d83eb,f991412488a91a251c4d5d9fc64bf818b739d6b136deaf22e30293f64a99ba90,1Vt3eHxmAAapOVvuG6GdSyhvq1IYnCvms,https://ad.easa.europa.eu/blob/EASA_AD_2020_0016.pdf/AD_2020-0016_1,https://ad.easa.europa.eu/ad/2020-0016,,,None,required,selected_pdf_hash_verified,2026-07-30
2021-0221,2021-0221,2021,2019-2026,A380,21|24|25|28|53|71,multi_ata|complex_applicability|table_heavy,Six-ATA A380 production-conformity case with multiple independent actions.,2021-0221|UNCORRECTED,0,False,2021-10-15,5,2021-0221__AD_2021-0221_1__EASA_AD_2021_0221.pdf,2021-0221__AD_2021-0221_1__EASA_AD_2021_0221.pdf,8aaaf372db377584,9b565f697bd0ec4d,9b565f697bd0ec4d6090cee2c07c9ba265545777b3f8c8340211965d6b00d3d5,73d68b6d97defa98c53f34327754a574b549a70c88c1531a78da6a9b604f4cf1,1hHiNjZ7vh7mvBTMMO-rIsLcvYBWAHh2j,https://ad.easa.europa.eu/blob/EASA_AD_2021_0221.pdf/AD_2021-0221_1,https://ad.easa.europa.eu/ad/2021-0221,,,None,required,selected_pdf_hash_verified,2026-07-30
2021-0286,2021-0286,2021,2019-2026,A330,11,stc_conditioned|third_party_dah,A330 MRTT STC-conditioned placard installation; adds ATA 11.,2021-0286|UNCORRECTED,0,False,2022-01-04,3,2021-0286__AD_2021-0286_1__EASA_AD_2021_0286.pdf,2021-0286__AD_2021-0286_1__EASA_AD_2021_0286.pdf,a36d7f18af6e7a27,eeff34d335189fc2,eeff34d335189fc2617ec67116c20b1d4153dae80bcdbcc1caeac270f862fd35,24c6181a2accc9d7de396738bbe68453283761d45d022182e58f81b673b97dbc,1ALSt8brVnqLe5h5v03vuQnoDLT1FjrX9,https://ad.easa.europa.eu/blob/EASA_AD_2021_0286.pdf/AD_2021-0286_1,https://ad.easa.europa.eu/ad/2021-0286,,,None,required,selected_pdf_hash_verified,2026-07-30
2022-0058,2022-0058,2022,2019-2026,A300/A310/A300-600ST,56,long_document|table_heavy|complex_applicability,Six-page windshield inspection spanning legacy Airbus and Beluga types.,2022-0058|UNCORRECTED,0,False,2022-04-11,6,2022-0058__AD_2022-0058_1__EASA_AD_2022_0058.pdf,2022-0058__AD_2022-0058_1__EASA_AD_2022_0058.pdf,772cd84a0961a452,eda1c5b45401003d,eda1c5b45401003d8cf8e91dd56fcd9f05f48a7ff2f630dc481e31f48c67aed0,9e7e3cf8b6e6fab49735429327f6fc8c3f4c198fb4f53a8d987f8624fc1f4f8f,1Cao5Pn4P83P7LosCYBxOTjO4HH5YyejE,https://ad.easa.europa.eu/blob/EASA_AD_2022_0058.pdf/AD_2022-0058_1,https://ad.easa.europa.eu/ad/2022-0058,,,None,required,selected_pdf_hash_verified,2026-07-30
2023-0057,2023-0057,2023,2019-2026,A330/A340,49,part_conditioned|replacement,A330/A340 APU fuel-control-unit replacement; adds ATA 49.,2023-0057|UNCORRECTED,0,False,2023-03-30,3,2023-0057__AD_2023-0057_1__EASA_AD_2023_0057.pdf,2023-0057__AD_2023-0057_1__EASA_AD_2023_0057.pdf,e17febf10e432eb9,847d36faa95be218,847d36faa95be21809ba3b9d3e5ce62c7b09310c1b3590b482919bee33daec85,3866e0325597fc44ba9ab53e3221ac552cfd3be851e5e0f447a197f3094fd063,1N72gJe-BlJNEe0PRD0Kyh2qndQ1qog7Q,https://ad.easa.europa.eu/blob/EASA_AD_2023_0057.pdf/AD_2023-0057_1,https://ad.easa.europa.eu/ad/2023-0057,,,None,required,selected_pdf_hash_verified,2026-07-30
2024-0001,2024-0001,2024,2019-2026,A310,05,maintenance_program|complex_compliance,A310 ALS/maintenance-program amendment; adds ATA 05.,2024-0001|UNCORRECTED,0,False,2024-01-18,4,2024-0001__AD_2024-0001_1__EASA_AD_2024_0001.pdf,2024-0001__AD_2024-0001_1__EASA_AD_2024_0001.pdf,dc59a5a0114b782d,a916bad7d9b3f498,a916bad7d9b3f498d45d19b3491237cdf0c23acf30c0bd1a542952df85aab5e2,e76704975e0df8efa78e4c4aaae504997743cc70c61d3111b50f5b917ad4b8ae,1px32tbG4dnKQwp-RYDnJiPCHgq-rARlQ,https://ad.easa.europa.eu/blob/EASA_AD_2024_0001.pdf/AD_2024-0001_1,https://ad.easa.europa.eu/ad/2024-0001,,,None,required,selected_pdf_hash_verified,2026-07-30
2025-0138,2025-0138,2025,2019-2026,A350,35,part_conditioned|records_review,A350 chemical oxygen generator replacement; adds ATA 35.,2025-0138|UNCORRECTED,0,False,2025-07-15,3,2025-0138__AD_2025-0138_1__EASA_AD_2025_0138.pdf,2025-0138__AD_2025-0138_1__EASA_AD_2025_0138.pdf,5762b029d7edbc0c,022bd207e853740b,022bd207e853740b3b0c57facb7cb105e6ad4cf09c61286b4fa193483835fa93,d427a7edbb8a222acd01bbcd463e417110633b3e081f3f5b4c0ca738a86e702d,165ZxLu0EwG_Z5C9eT4SXXV19Q8yD-yk9,https://ad.easa.europa.eu/blob/EASA_AD_2025_0138.pdf/AD_2025-0138_1,https://ad.easa.europa.eu/ad/2025-0138,,,None,required,selected_pdf_hash_verified,2026-07-30
2025-0181,2025-0181,2025,2019-2026,A350,42,serial_number_list|appendix|replacement,A350 CPIOM replacement with an affected serial-number appendix; adds ATA 42.,2025-0181|UNCORRECTED,0,False,2025-09-03,4,2025-0181__AD_2025-0181_1__EASA_AD_2025_0181.pdf,2025-0181__AD_2025-0181_1__EASA_AD_2025_0181.pdf,b0e89b78cd668c9e,ad4f4e646bfa7d1a,ad4f4e646bfa7d1aff96439c844798e50ed71a891889d13a27954fa326841136,ccaad3f21f1c2505454a30341f528293f6f4d160e4c1450583d6385ef4a4af1f,1JkNcjPmrwJPohhgpzMBF9MyO5G_B-sBO,https://ad.easa.europa.eu/blob/EASA_AD_2025_0181.pdf/AD_2025-0181_1,https://ad.easa.europa.eu/ad/2025-0181,,,None,required,selected_pdf_hash_verified,2026-07-30
2026-0100,2026-0100,2026,2019-2026,A330,71,part_conditioned|inspection,A330 intake nose-cowl inspection; recent ATA 71 case.,2026-0100|UNCORRECTED,0,False,2026-06-04,4,2026-0100__AD_2026-0100_1__EASA_AD_2026_0100.pdf,2026-0100__AD_2026-0100_1__EASA_AD_2026_0100.pdf,34edf2d1b2e65515,406b267c2650d41e,406b267c2650d41e3cd7bbcc7d822d5d37f6fc91aa885b7161b16ba60938e8d5,dc0f9a0f80a4589c8d2b54fd669066afee88715e029619f76342f3e3826e842d,1-uFIkAv6GXmc2uLCcVq-vRd9ByBvQdlU,https://ad.easa.europa.eu/blob/EASA_AD_2026_0100.pdf/AD_2026-0100_1,https://ad.easa.europa.eu/ad/2026-0100,,,None,required,selected_pdf_hash_verified,2026-07-30
