ad_number,file_instance_id,file_name,pdf_url,expected_sha256,actual_sha256,expected_page_count,actual_page_count,pdf_bytes,pdf_status,page_text_status,page_text_file,page_text_sha256,extracted_char_count,error,local_pdf
2019-0011R2,1949a5e809ac47e1,2019-0011R2__AD_2019-0011R2_2__EASA_AD_2019_0011_R2.pdf,https://ad.easa.europa.eu/blob/EASA_AD_2019_0011_R2.pdf/AD_2019-0011R2_2,f7c12e93b9823beb48a9a2d36495012f50e5a07384bdcc9eef28a5ca91267544,f7c12e93b9823beb48a9a2d36495012f50e5a07384bdcc9eef28a5ca91267544,5,5,222957,reused_verified,reused_verified,/Users/tunwailin/Documents/Capstone/step3_pilot/page_text/2019-0011R2__1949a5e809ac47e1.pages.jsonl,9890b1c1f86c4535eb55713c82327f09f3b3304f05bec9f3dc61984901960013,16088,,/Users/tunwailin/Documents/Capstone/step3_pilot/source_pdfs/2019-0011R2__AD_2019-0011R2_2__EASA_AD_2019_0011_R2.pdf
2019-0183,5577514a19f6917c,2019-0183__AD_2019-0183_1__EASA_AD_2019_0183.pdf,https://ad.easa.europa.eu/blob/EASA_AD_2019_0183.pdf/AD_2019-0183_1,c00f2ba68574cd324b09588bb2ea67f510b806cd5e05fe58146c2bb90b1d0ddd,c00f2ba68574cd324b09588bb2ea67f510b806cd5e05fe58146c2bb90b1d0ddd,2,2,507485,reused_verified,reused_verified,/Users/tunwailin/Documents/Capstone/step3_pilot/page_text/2019-0183__5577514a19f6917c.pages.jsonl,c0e77a4b7fe018f103b7fb1436ec7fa2b9fb60959cde72f8311aca7721ee80dc,6161,,/Users/tunwailin/Documents/Capstone/step3_pilot/source_pdfs/2019-0183__AD_2019-0183_1__EASA_AD_2019_0183.pdf
2020-0028,734af537e02af649,2020-0028__AD_2020-0028_1__EASA_AD_2020_0028.pdf,https://ad.easa.europa.eu/blob/EASA_AD_2020_0028.pdf/AD_2020-0028_1,898bc65f2dd9ecdeea66673cdb5c291036943ebbedd93216bb24ff36622b8e5f,898bc65f2dd9ecdeea66673cdb5c291036943ebbedd93216bb24ff36622b8e5f,2,2,507073,reused_verified,reused_verified,/Users/tunwailin/Documents/Capstone/step3_pilot/page_text/2020-0028__734af537e02af649.pages.jsonl,07795c1b54e46f058b5d0bbced7e46f1b49646256cd6d1cb011718a3013e5c97,6030,,/Users/tunwailin/Documents/Capstone/step3_pilot/source_pdfs/2020-0028__AD_2020-0028_1__EASA_AD_2020_0028.pdf
2020-0085R1,5ced2074d6402f32,2020-0085R1__AD_2020-0085R1_1__EASA_AD_2020_0085R1.pdf,https://ad.easa.europa.eu/blob/EASA_AD_2020_0085R1.pdf/AD_2020-0085R1_1,31f3f351ee2b02f4ff0636e599e01bbe4e7775c23d5c3298919f5e4327e42e6a,31f3f351ee2b02f4ff0636e599e01bbe4e7775c23d5c3298919f5e4327e42e6a,7,7,236768,reused_verified,reused_verified,/Users/tunwailin/Documents/Capstone/step3_pilot/page_text/2020-0085R1__5ced2074d6402f32.pages.jsonl,69bc4e4f7daf7d6aa439cd2a862532a6d4a069af767c93002af03e3cefe5d304,22093,,/Users/tunwailin/Documents/Capstone/step3_pilot/source_pdfs/2020-0085R1__AD_2020-0085R1_1__EASA_AD_2020_0085R1.pdf
2021-0087,9e367bf311641409,2021-0087__AD_2021-0087_1__EASA_AD_2021_0087.pdf,https://ad.easa.europa.eu/blob/EASA_AD_2021_0087.pdf/AD_2021-0087_1,bade33627bb01d44b31f286dcbaa512546d5acef8b9e211c08f4986933de2353,bade33627bb01d44b31f286dcbaa512546d5acef8b9e211c08f4986933de2353,2,2,196714,reused_verified,reused_verified,/Users/tunwailin/Documents/Capstone/step3_pilot/page_text/2021-0087__9e367bf311641409.pages.jsonl,3771df9d85b47ccfde2dd6b19dee2afb2665c5f1b088cbb1f350cbd35dc9d718,6349,,/Users/tunwailin/Documents/Capstone/step3_pilot/source_pdfs/2021-0087__AD_2021-0087_1__EASA_AD_2021_0087.pdf
2021-0242,3d05d4995d986ef5,2021-0242__AD_2021-0242_2__EASA_AD_2021_0242.pdf,https://ad.easa.europa.eu/blob/EASA_AD_2021_0242.pdf/AD_2021-0242_2,eb4fb67e4ae6f63629ff147dd10cca7d29fc5bf6e85db03f3b34c2bed9284a29,eb4fb67e4ae6f63629ff147dd10cca7d29fc5bf6e85db03f3b34c2bed9284a29,6,6,233436,reused_verified,reused_verified,/Users/tunwailin/Documents/Capstone/step3_pilot/page_text/2021-0242__3d05d4995d986ef5.pages.jsonl,28d792b84aa676bac9ba853a4ee1c7df18dcf5dcdcd69fb43c2d2270433894f6,20428,,/Users/tunwailin/Documents/Capstone/step3_pilot/source_pdfs/2021-0242__AD_2021-0242_2__EASA_AD_2021_0242.pdf
2022-0026,2003cabcfcd8976a,2022-0026__AD_2022-0026_2__EASA_AD_2022_0026_superseded.pdf,https://ad.easa.europa.eu/blob/EASA_AD_2022_0026_superseded.pdf/AD_2022-0026_2,687349d79195bcf420ccb88240a811245b50912233237f488a5fb9f8a7e63587,687349d79195bcf420ccb88240a811245b50912233237f488a5fb9f8a7e63587,12,12,848788,reused_verified,reused_verified,/Users/tunwailin/Documents/Capstone/step3_pilot/page_text/2022-0026__2003cabcfcd8976a.pages.jsonl,da77b3326c4f1dc0a547c31466c52e800b3484cece9df9566d536984cd085834,38478,,/Users/tunwailin/Documents/Capstone/step3_pilot/source_pdfs/2022-0026__AD_2022-0026_2__EASA_AD_2022_0026_superseded.pdf
2022-0197,2f70e87899358165,2022-0197__AD_2022-0197_1__EASA_AD_2022_0197.pdf,https://ad.easa.europa.eu/blob/EASA_AD_2022_0197.pdf/AD_2022-0197_1,9acac66ae6fc4e84e5db4569a3fb2c57a232c30ff6c67a0300b6666d6f27cf28,9acac66ae6fc4e84e5db4569a3fb2c57a232c30ff6c67a0300b6666d6f27cf28,8,8,233488,reused_verified,reused_verified,/Users/tunwailin/Documents/Capstone/step3_pilot/page_text/2022-0197__2f70e87899358165.pages.jsonl,e89b27a4c5426cbf24557a0ea153a0d2da601a2474e9324b2bec3c9fd6aaf7ca,27914,,/Users/tunwailin/Documents/Capstone/step3_pilot/source_pdfs/2022-0197__AD_2022-0197_1__EASA_AD_2022_0197.pdf
2023-0093R1,f8c89a351f146b17,2023-0093R1__AD_2023-0093R1_1__EASA_AD_2023_0093_R1.pdf,https://ad.easa.europa.eu/blob/EASA_AD_2023_0093_R1.pdf/AD_2023-0093R1_1,3f8aed562c9e5615a5e3196c95bb970b4cce7831a7b8950ba32a1b0ec6cd2c3e,3f8aed562c9e5615a5e3196c95bb970b4cce7831a7b8950ba32a1b0ec6cd2c3e,7,7,275324,reused_verified,reused_verified,/Users/tunwailin/Documents/Capstone/step3_pilot/page_text/2023-0093R1__f8c89a351f146b17.pages.jsonl,c4cecaf5e499dc9f0702114d3bdb636ec3bd6e2545b3eef28bb0ab315ad98142,25765,,/Users/tunwailin/Documents/Capstone/step3_pilot/source_pdfs/2023-0093R1__AD_2023-0093R1_1__EASA_AD_2023_0093_R1.pdf
2024-0038,db594c767fc8f98e,2024-0038__AD_2024-0038_1__EASA_AD_2024_0038_superseded.pdf,https://ad.easa.europa.eu/blob/EASA_AD_2024_0038_superseded.pdf/AD_2024-0038_1,fdfe2bd21635319984f5a401e1b41a051e8fc533a64d9f07da5c0d8674549432,fdfe2bd21635319984f5a401e1b41a051e8fc533a64d9f07da5c0d8674549432,10,10,904306,reused_verified,reused_verified,/Users/tunwailin/Documents/Capstone/step3_pilot/page_text/2024-0038__db594c767fc8f98e.pages.jsonl,cd12bb02916ed55767da6f3201cfa88792330a5225d656455d2e8de4f53ddad7,35228,,/Users/tunwailin/Documents/Capstone/step3_pilot/source_pdfs/2024-0038__AD_2024-0038_1__EASA_AD_2024_0038_superseded.pdf
2024-0095,53e4fefd2d273164,2024-0095__AD_2024-0095_1__EASA_AD_2024_0095.pdf,https://ad.easa.europa.eu/blob/EASA_AD_2024_0095.pdf/AD_2024-0095_1,3216f782771142a7b170cdf3e6fa14e59484be3bfc1fe5b667cbb46a35777cbb,3216f782771142a7b170cdf3e6fa14e59484be3bfc1fe5b667cbb46a35777cbb,6,6,234840,reused_verified,reused_verified,/Users/tunwailin/Documents/Capstone/step3_pilot/page_text/2024-0095__53e4fefd2d273164.pages.jsonl,ff0e2f56f97a48f8b8b973ad755060ec6974446d489d9055ad7a47bafc8e638f,21799,,/Users/tunwailin/Documents/Capstone/step3_pilot/source_pdfs/2024-0095__AD_2024-0095_1__EASA_AD_2024_0095.pdf
2025-0008,b829efee031a2fcf,2025-0008__AD_2025-0008_1__EASA_AD_2025_0008.pdf,https://ad.easa.europa.eu/blob/EASA_AD_2025_0008.pdf/AD_2025-0008_1,fbf718ab1a3ddb6336d20b0afdb696be0e24e87740f26547779e8154c748aef8,fbf718ab1a3ddb6336d20b0afdb696be0e24e87740f26547779e8154c748aef8,3,3,203982,reused_verified,reused_verified,/Users/tunwailin/Documents/Capstone/step3_pilot/page_text/2025-0008__b829efee031a2fcf.pages.jsonl,f177aaa4f9ff357f04ecf3ac6e24b95f89368b8923b38d47c556d7c12323e0e8,8678,,/Users/tunwailin/Documents/Capstone/step3_pilot/source_pdfs/2025-0008__AD_2025-0008_1__EASA_AD_2025_0008.pdf
2025-0068,6e80e67e640ba6d1,2025-0068__AD_2025-0068_1__EASA_AD_2025_0068_superseded.pdf,https://ad.easa.europa.eu/blob/EASA_AD_2025_0068_superseded.pdf/AD_2025-0068_1,b9b9ffde8d641f4d7d15b5727802a41010367c05af4746e515cd5d58d0150003,b9b9ffde8d641f4d7d15b5727802a41010367c05af4746e515cd5d58d0150003,10,10,304472,reused_verified,reused_verified,/Users/tunwailin/Documents/Capstone/step3_pilot/page_text/2025-0068__6e80e67e640ba6d1.pages.jsonl,904b598adb74fd80f408923126d5b9d9ca69a7ccf1fe6c17ea3e2b3976f5f691,35728,,/Users/tunwailin/Documents/Capstone/step3_pilot/source_pdfs/2025-0068__AD_2025-0068_1__EASA_AD_2025_0068_superseded.pdf
2026-0017,1f3af1a66dad0ea4,2026-0017__AD_2026-0017_1__EASA_AD_2026_0017.pdf,https://ad.easa.europa.eu/blob/EASA_AD_2026_0017.pdf/AD_2026-0017_1,3c33ddd4bfa6cd6b5684177b707f18c8b6ae538e4f919641146c2230f0b558bb,3c33ddd4bfa6cd6b5684177b707f18c8b6ae538e4f919641146c2230f0b558bb,10,10,262346,reused_verified,reused_verified,/Users/tunwailin/Documents/Capstone/step3_pilot/page_text/2026-0017__1f3af1a66dad0ea4.pages.jsonl,f75ebc29712a9c0bf4dfe1314cf51c8901092a522a1301aee4ceb614ced17847,36583,,/Users/tunwailin/Documents/Capstone/step3_pilot/source_pdfs/2026-0017__AD_2026-0017_1__EASA_AD_2026_0017.pdf
2026-0079,1f16f3df632283df,2026-0079__AD_2026-0079_1__EASA_AD_2026_0079.pdf,https://ad.easa.europa.eu/blob/EASA_AD_2026_0079.pdf/AD_2026-0079_1,ea0fcb565e595384ab29fe539f61ac7c42dc1045e534f57e4753d5a0f390a3df,ea0fcb565e595384ab29fe539f61ac7c42dc1045e534f57e4753d5a0f390a3df,3,3,226071,reused_verified,reused_verified,/Users/tunwailin/Documents/Capstone/step3_pilot/page_text/2026-0079__1f16f3df632283df.pages.jsonl,e95cf1173cd083585978e6d656d06b89825e6f0f9cb5367f3588dfec2ef2e922,8562,,/Users/tunwailin/Documents/Capstone/step3_pilot/source_pdfs/2026-0079__AD_2026-0079_1__EASA_AD_2026_0079.pdf
2006-0047,8dd9dd9099deb529,2006-0047__AD_2006-0047_1__easa_ad_2006_0047_superseded.pdf,https://ad.easa.europa.eu/blob/easa_ad_2006_0047_superseded.pdf/AD_2006-0047_1,964209f8742cdc0d98b0f8b05dfe0ffd553ba39d21415580d4e7ff95a5ff4887,964209f8742cdc0d98b0f8b05dfe0ffd553ba39d21415580d4e7ff95a5ff4887,4,4,246118,reused_verified,reused_verified,/Users/tunwailin/Documents/Capstone/step3_pilot/page_text/2006-0047__8dd9dd9099deb529.pages.jsonl,0ad811f2877264d1c8e1309e69e43b8b1f8a165fb56dfc172551772dab41b014,11986,,/Users/tunwailin/Documents/Capstone/step3_pilot/source_pdfs/2006-0047__AD_2006-0047_1__easa_ad_2006_0047_superseded.pdf
2007-0022,cdccd0ff024c4b72,2007-0022__AD_2007-0022_1__easa_ad_2007_0022.pdf,https://ad.easa.europa.eu/blob/easa_ad_2007_0022.pdf/AD_2007-0022_1,8503b08090394c18183c8a6f3fc882b606e70d073a20d2a1a3368efb36d3314c,8503b08090394c18183c8a6f3fc882b606e70d073a20d2a1a3368efb36d3314c,2,2,28583,reused_verified,reused_verified,/Users/tunwailin/Documents/Capstone/step3_pilot/page_text/2007-0022__cdccd0ff024c4b72.pages.jsonl,d9b5bca19da6ed9ded91095d1b92150907ada2876dc2fa6c018332c1b15b3cdf,5726,,/Users/tunwailin/Documents/Capstone/step3_pilot/source_pdfs/2007-0022__AD_2007-0022_1__easa_ad_2007_0022.pdf
2007-0278,0b6a17dbe6f95907,2007-0278__AD_2007-0278_1__easa_ad_2007_0278_Corrected_Superseded.pdf,https://ad.easa.europa.eu/blob/easa_ad_2007_0278_Corrected_Superseded.pdf/AD_2007-0278_1,e62c9e732351450fd652e17b1ab340a2d358aef0a6a724a85a76be7e66836d62,e62c9e732351450fd652e17b1ab340a2d358aef0a6a724a85a76be7e66836d62,4,4,488937,reused_verified,reused_verified,/Users/tunwailin/Documents/Capstone/step3_pilot/page_text/2007-0278__0b6a17dbe6f95907.pages.jsonl,7bb5db5dd5b6e795397c43efc571230f4514ca03026fbfe83157439d63745bb3,16401,,/Users/tunwailin/Documents/Capstone/step3_pilot/source_pdfs/2007-0278__AD_2007-0278_1__easa_ad_2007_0278_Corrected_Superseded.pdf
2008-0012,f2112ddc18baa008,2008-0012__AD_2008-0012_1__easa_ad_2008_0012.pdf,https://ad.easa.europa.eu/blob/easa_ad_2008_0012.pdf/AD_2008-0012_1,8d4bb02fba9b8f90b2f384d4369b549c564e10cca1944323309fa972ae7a41df,8d4bb02fba9b8f90b2f384d4369b549c564e10cca1944323309fa972ae7a41df,3,3,33911,reused_verified,reused_verified,/Users/tunwailin/Documents/Capstone/step3_pilot/page_text/2008-0012__f2112ddc18baa008.pages.jsonl,2eede09925450136c9497ed5a0f55e058fba81e5768e4540d94ecd75a3aebe97,10286,,/Users/tunwailin/Documents/Capstone/step3_pilot/source_pdfs/2008-0012__AD_2008-0012_1__easa_ad_2008_0012.pdf
2009-0025,46511578be7115fd,2009-0025__AD_2009-0025_1__easa_ad_2009_0025_Corrected.pdf,https://ad.easa.europa.eu/blob/easa_ad_2009_0025_Corrected.pdf/AD_2009-0025_1,9e738087562162dabd117aa81c78b99adc4db1c51c3054c8d0736dbaa89981b8,9e738087562162dabd117aa81c78b99adc4db1c51c3054c8d0736dbaa89981b8,3,3,31620,reused_verified,reused_verified,/Users/tunwailin/Documents/Capstone/step3_pilot/page_text/2009-0025__46511578be7115fd.pages.jsonl,4136cc24d523057555a660f6b87988d51f085c604a51e7520fffc7eb6fffc417,19571,,/Users/tunwailin/Documents/Capstone/step3_pilot/source_pdfs/2009-0025__AD_2009-0025_1__easa_ad_2009_0025_Corrected.pdf
2009-0141,cb57166de0385f86,2009-0141__AD_2009-0141_1__easa_ad_2009_0141_superseded.pdf,https://ad.easa.europa.eu/blob/easa_ad_2009_0141_superseded.pdf/AD_2009-0141_1,a0b5849caffa23be317d10930c11e14e88264bcba262f96c986571b71b07c775,a0b5849caffa23be317d10930c11e14e88264bcba262f96c986571b71b07c775,8,8,254263,reused_verified,reused_verified,/Users/tunwailin/Documents/Capstone/step3_pilot/page_text/2009-0141__cb57166de0385f86.pages.jsonl,a287611c002f6b714b6f24c630062378b4c5b4fb73944bc29fda8c40198ba6b9,104915,,/Users/tunwailin/Documents/Capstone/step3_pilot/source_pdfs/2009-0141__AD_2009-0141_1__easa_ad_2009_0141_superseded.pdf
2010-0164,60596be378420b04,2010-0164__AD_2010-0164_1__easa_ad_2010_0164.pdf,https://ad.easa.europa.eu/blob/easa_ad_2010_0164.pdf/AD_2010-0164_1,86b266ac6cf4d180ee273e65c01d59a0c8375a763a278c2f270ce8d4bb639178,86b266ac6cf4d180ee273e65c01d59a0c8375a763a278c2f270ce8d4bb639178,17,17,77409,reused_verified,reused_verified,/Users/tunwailin/Documents/Capstone/step3_pilot/page_text/2010-0164__60596be378420b04.pages.jsonl,1297aade07f8e6d9a5df47feee0f5f8a79b5a6a6061fb95f318599a8ec95bce0,180889,,/Users/tunwailin/Documents/Capstone/step3_pilot/source_pdfs/2010-0164__AD_2010-0164_1__easa_ad_2010_0164.pdf
2011-0112,7a321140308c146d,2011-0112__AD_2011-0112_1__easa_ad_2011_0112.pdf,https://ad.easa.europa.eu/blob/easa_ad_2011_0112.pdf/AD_2011-0112_1,eed95fe844679ad3a0a5fd00039b4f1228da0e6c4cbf1e506d26c54c0da30d21,eed95fe844679ad3a0a5fd00039b4f1228da0e6c4cbf1e506d26c54c0da30d21,2,2,27202,reused_verified,reused_verified,/Users/tunwailin/Documents/Capstone/step3_pilot/page_text/2011-0112__7a321140308c146d.pages.jsonl,f10fc4a2030a50a96c688d31db5fb97ce61dd8d4ab5c7f2ea9b99a280116ad12,11196,,/Users/tunwailin/Documents/Capstone/step3_pilot/source_pdfs/2011-0112__AD_2011-0112_1__easa_ad_2011_0112.pdf
2012-0175R2,08a8fc0e2bbbc711,2012-0175R2__AD_2012-0175R2_1__EASA_AD_2012_0175_R2_superseded.pdf,https://ad.easa.europa.eu/blob/EASA_AD_2012_0175_R2_superseded.pdf/AD_2012-0175R2_1,39f7f5de5a6846f202d1e2a36b9e21fcd9028852e2f7fa3131e0ec874bd98ae0,39f7f5de5a6846f202d1e2a36b9e21fcd9028852e2f7fa3131e0ec874bd98ae0,6,6,394215,reused_verified,reused_verified,/Users/tunwailin/Documents/Capstone/step3_pilot/page_text/2012-0175R2__08a8fc0e2bbbc711.pages.jsonl,8f5929de14f51934b05db05077c7757a2aa30a7908b4211778ee97b1e803cae7,16962,,/Users/tunwailin/Documents/Capstone/step3_pilot/source_pdfs/2012-0175R2__AD_2012-0175R2_1__EASA_AD_2012_0175_R2_superseded.pdf
2013-0234R2,9a197fbc37092cfe,2013-0234R2__AD_2013-0234R2_1__easa_ad_2013_0234_R2.pdf,https://ad.easa.europa.eu/blob/easa_ad_2013_0234_R2.pdf/AD_2013-0234R2_1,229ea53cfbd154f681361497f182ce9e07b353ca8fd9c10e86054e4a6484f416,229ea53cfbd154f681361497f182ce9e07b353ca8fd9c10e86054e4a6484f416,5,5,248735,reused_verified,reused_verified,/Users/tunwailin/Documents/Capstone/step3_pilot/page_text/2013-0234R2__9a197fbc37092cfe.pages.jsonl,d3df250c79b6b5698b2d1edb56d154f4f6128c3ccfac82937d5014940b52f3a4,20323,,/Users/tunwailin/Documents/Capstone/step3_pilot/source_pdfs/2013-0234R2__AD_2013-0234R2_1__easa_ad_2013_0234_R2.pdf
2014-0062,58916308a3527d59,2014-0062__AD_2014-0062_1__easa_ad_2014_0062.pdf,https://ad.easa.europa.eu/blob/easa_ad_2014_0062.pdf/AD_2014-0062_1,7ef7267c79cd35156c742bc7494f80e0dc29f405897eb9a8f708581309434eea,7ef7267c79cd35156c742bc7494f80e0dc29f405897eb9a8f708581309434eea,2,2,220518,reused_verified,reused_verified,/Users/tunwailin/Documents/Capstone/step3_pilot/page_text/2014-0062__58916308a3527d59.pages.jsonl,7b94928a1f135bf7b0a3da6dbdb1bf479d95a7a34097d8eaa310c5b2e19f2b86,7249,,/Users/tunwailin/Documents/Capstone/step3_pilot/source_pdfs/2014-0062__AD_2014-0062_1__easa_ad_2014_0062.pdf
2015-0135R3,ffb267d0dfbcbbd9,2015-0135R3__AD_2015-0135R3_1__EASA_AD_2015_0135_R3.pdf,https://ad.easa.europa.eu/blob/EASA_AD_2015_0135_R3.pdf/AD_2015-0135R3_1,4991cb05f2dd349934fc0368dedcbf20cd38ed4b817cfe36ceecd30343840048,4991cb05f2dd349934fc0368dedcbf20cd38ed4b817cfe36ceecd30343840048,8,8,575097,reused_verified,reused_verified,/Users/tunwailin/Documents/Capstone/step3_pilot/page_text/2015-0135R3__ffb267d0dfbcbbd9.pages.jsonl,16ae71a88118280e6f702c0194c76eaf32757fd17411fecfc7df4b414a8ab31a,23513,,/Users/tunwailin/Documents/Capstone/step3_pilot/source_pdfs/2015-0135R3__AD_2015-0135R3_1__EASA_AD_2015_0135_R3.pdf
2016-0095,7f221fbcf3eea6a5,2016-0095__AD_2016-0095_1__EASA_AD_2016_0095_superseded.pdf,https://ad.easa.europa.eu/blob/EASA_AD_2016_0095_superseded.pdf/AD_2016-0095_1,e93a25b42010e906246600076f3424fce90fcb21429416ac3e20e7a6926d2ea0,e93a25b42010e906246600076f3424fce90fcb21429416ac3e20e7a6926d2ea0,6,6,899502,reused_verified,reused_verified,/Users/tunwailin/Documents/Capstone/step3_pilot/page_text/2016-0095__7f221fbcf3eea6a5.pages.jsonl,a95baebd95b90b111f3258627cddc5d74df12ef2ab6c2dfd7883dc8e238262e8,20762,,/Users/tunwailin/Documents/Capstone/step3_pilot/source_pdfs/2016-0095__AD_2016-0095_1__EASA_AD_2016_0095_superseded.pdf
2017-0013,67c94127f7b8e53d,2017-0013__AD_2017-0013_1__EASA_AD_2017_0013.pdf,https://ad.easa.europa.eu/blob/EASA_AD_2017_0013.pdf/AD_2017-0013_1,7955fb2beeb7299dc96f3a6830555bf2c241b6cd1a0ec52fd6a300414a0d484d,7955fb2beeb7299dc96f3a6830555bf2c241b6cd1a0ec52fd6a300414a0d484d,6,6,532456,reused_verified,reused_verified,/Users/tunwailin/Documents/Capstone/step3_pilot/page_text/2017-0013__67c94127f7b8e53d.pages.jsonl,8f1b25e9f59e7a6af8344d2d686a1929ace698d91a18b6bd67601a8efb71ce82,21426,,/Users/tunwailin/Documents/Capstone/step3_pilot/source_pdfs/2017-0013__AD_2017-0013_1__EASA_AD_2017_0013.pdf
2018-0108,75144c1f05797c10,2018-0108__AD_2018-0108_1__EASA_AD_2018_0108.pdf,https://ad.easa.europa.eu/blob/EASA_AD_2018_0108.pdf/AD_2018-0108_1,8dc8f8bc2101057504d713f4a45613551e3e6c99367ca3c2936059eab7c785e2,8dc8f8bc2101057504d713f4a45613551e3e6c99367ca3c2936059eab7c785e2,2,2,502694,reused_verified,reused_verified,/Users/tunwailin/Documents/Capstone/step3_pilot/page_text/2018-0108__75144c1f05797c10.pages.jsonl,199714d970c375f3e50b59a7903bb94f81e22f599cf6b5ec30ccbab0263ad28f,5902,,/Users/tunwailin/Documents/Capstone/step3_pilot/source_pdfs/2018-0108__AD_2018-0108_1__EASA_AD_2018_0108.pdf
