file_name,file_instance_id,sha256
"2006-0047__8dd9dd9099deb529.pages.jsonl","8dd9dd9099deb529","0ad811f2877264d1c8e1309e69e43b8b1f8a165fb56dfc172551772dab41b014"
"2006-0077__d5877768ebe69914.pages.jsonl","d5877768ebe69914","73da10023ec6e1d8d78baa61c9e01a65320cccb075ebbbd20f358fee9e01dafd"
"2007-0022__cdccd0ff024c4b72.pages.jsonl","cdccd0ff024c4b72","d9b5bca19da6ed9ded91095d1b92150907ada2876dc2fa6c018332c1b15b3cdf"
"2007-0249__7a239ec5c306fa6d.pages.jsonl","7a239ec5c306fa6d","aaa595135fe8b38cb3af950aab71a6c2f1ffc07945bd55e84772a5e7a0dd772f"
"2007-0278__0b6a17dbe6f95907.pages.jsonl","0b6a17dbe6f95907","7bb5db5dd5b6e795397c43efc571230f4514ca03026fbfe83157439d63745bb3"
"2008-0012__f2112ddc18baa008.pages.jsonl","f2112ddc18baa008","2eede09925450136c9497ed5a0f55e058fba81e5768e4540d94ecd75a3aebe97"
"2008-0066__843fc74e8a4f44c0.pages.jsonl","843fc74e8a4f44c0","4ba1e3e9ecb70875f7efa3a3459bc03797d97661e44761133ef97ff446f47b66"
"2009-0025__46511578be7115fd.pages.jsonl","46511578be7115fd","4136cc24d523057555a660f6b87988d51f085c604a51e7520fffc7eb6fffc417"
"2009-0141__cb57166de0385f86.pages.jsonl","cb57166de0385f86","a287611c002f6b714b6f24c630062378b4c5b4fb73944bc29fda8c40198ba6b9"
"2009-0171__6edf8772870b3a19.pages.jsonl","6edf8772870b3a19","97c473356a6f12b223bba8d21e7e8bab58f49698987b0619720b415b2e12fcd9"
"2010-0164__60596be378420b04.pages.jsonl","60596be378420b04","1297aade07f8e6d9a5df47feee0f5f8a79b5a6a6061fb95f318599a8ec95bce0"
"2010-0271__2db3e9f8dfdadc71.pages.jsonl","2db3e9f8dfdadc71","769d80b681ebb5eb10dfc4e6d70ea2c302f5e2a0a6212c86337276217d873eb8"
"2011-0098__ee69a71e72e4a031.pages.jsonl","ee69a71e72e4a031","0b8dfeceba2804cfa8ec43c85ca62695fb8b3d06ac01cbbf201285b0905102f3"
"2011-0112__7a321140308c146d.pages.jsonl","7a321140308c146d","f10fc4a2030a50a96c688d31db5fb97ce61dd8d4ab5c7f2ea9b99a280116ad12"
"2012-0175R2__08a8fc0e2bbbc711.pages.jsonl","08a8fc0e2bbbc711","8f5929de14f51934b05db05077c7757a2aa30a7908b4211778ee97b1e803cae7"
"2012-0259__71d534e47740b13c.pages.jsonl","71d534e47740b13c","00a4fe587b3f6af1f901d1b4004a9489929e1c9fadc5854c294f79d875e3ed81"
"2013-0011__5f652dd0aa52e54f.pages.jsonl","5f652dd0aa52e54f","c444eec3e8a276325af550fcb8efeb29c72bab17ca2612a04f4f7971ba2adbde"
"2013-0234R2__9a197fbc37092cfe.pages.jsonl","9a197fbc37092cfe","d3df250c79b6b5698b2d1edb56d154f4f6128c3ccfac82937d5014940b52f3a4"
"2014-0062__58916308a3527d59.pages.jsonl","58916308a3527d59","7b94928a1f135bf7b0a3da6dbdb1bf479d95a7a34097d8eaa310c5b2e19f2b86"
"2015-0135R3__ffb267d0dfbcbbd9.pages.jsonl","ffb267d0dfbcbbd9","16ae71a88118280e6f702c0194c76eaf32757fd17411fecfc7df4b414a8ab31a"
"2016-0095__7f221fbcf3eea6a5.pages.jsonl","7f221fbcf3eea6a5","a95baebd95b90b111f3258627cddc5d74df12ef2ab6c2dfd7883dc8e238262e8"
"2016-0175__c13a622de38db424.pages.jsonl","c13a622de38db424","2c89e9e26bad3fbe760c2d5d3fe9e5036bc08cf1398c02abc9ee144b1da2337d"
"2017-0013__67c94127f7b8e53d.pages.jsonl","67c94127f7b8e53d","8f1b25e9f59e7a6af8344d2d686a1929ace698d91a18b6bd67601a8efb71ce82"
"2018-0108__75144c1f05797c10.pages.jsonl","75144c1f05797c10","199714d970c375f3e50b59a7903bb94f81e22f599cf6b5ec30ccbab0263ad28f"
"2018-0246__0ffbff521ab9746f.pages.jsonl","0ffbff521ab9746f","0f60bb6c82e8c11fc98e3503fa750a323350c4f82bcd5f0081bdf5933845c8a4"
"2019-0011R2__1949a5e809ac47e1.pages.jsonl","1949a5e809ac47e1","9890b1c1f86c4535eb55713c82327f09f3b3304f05bec9f3dc61984901960013"
"2019-0183__5577514a19f6917c.pages.jsonl","5577514a19f6917c","c0e77a4b7fe018f103b7fb1436ec7fa2b9fb60959cde72f8311aca7721ee80dc"
"2019-0188__1d1f6357de0f3352.pages.jsonl","1d1f6357de0f3352","22f87c0e739cad4077d786e691bbef977753732fc9fc1f8cede0d3a85f721cc5"
"2020-0016__5c6e21ab23447af0.pages.jsonl","5c6e21ab23447af0","de7bf0723b3e4182bcdc20db7ed9b7be90647a1bd89ac9c1bda187a82a9edeb2"
"2020-0028__734af537e02af649.pages.jsonl","734af537e02af649","07795c1b54e46f058b5d0bbced7e46f1b49646256cd6d1cb011718a3013e5c97"
"2020-0085R1__5ced2074d6402f32.pages.jsonl","5ced2074d6402f32","69bc4e4f7daf7d6aa439cd2a862532a6d4a069af767c93002af03e3cefe5d304"
"2021-0087__9e367bf311641409.pages.jsonl","9e367bf311641409","3771df9d85b47ccfde2dd6b19dee2afb2665c5f1b088cbb1f350cbd35dc9d718"
"2021-0221__8aaaf372db377584.pages.jsonl","8aaaf372db377584","a79c2646859e133f8a0c42c943e4f58ee87e733a7d3bb3ef09345a42ecadf1b0"
"2021-0242__3d05d4995d986ef5.pages.jsonl","3d05d4995d986ef5","28d792b84aa676bac9ba853a4ee1c7df18dcf5dcdcd69fb43c2d2270433894f6"
"2021-0286__a36d7f18af6e7a27.pages.jsonl","a36d7f18af6e7a27","9c1ed83cf5158439b5875cb28a18aada57e2866aca72eb93dda2e8224ba8a7c0"
"2022-0026__2003cabcfcd8976a.pages.jsonl","2003cabcfcd8976a","da77b3326c4f1dc0a547c31466c52e800b3484cece9df9566d536984cd085834"
"2022-0058__772cd84a0961a452.pages.jsonl","772cd84a0961a452","ece57d298569d30bbc6be82af3cceef62df1c8240b12aab3b2efa85d47ea0631"
"2022-0197__2f70e87899358165.pages.jsonl","2f70e87899358165","e89b27a4c5426cbf24557a0ea153a0d2da601a2474e9324b2bec3c9fd6aaf7ca"
"2023-0057__e17febf10e432eb9.pages.jsonl","e17febf10e432eb9","7f3f49e82d42e47c26b774e9dd6976ba7179f66db700ac5fd80c1f77850df7ad"
"2023-0093R1__f8c89a351f146b17.pages.jsonl","f8c89a351f146b17","c4cecaf5e499dc9f0702114d3bdb636ec3bd6e2545b3eef28bb0ab315ad98142"
"2024-0001__dc59a5a0114b782d.pages.jsonl","dc59a5a0114b782d","67a23fff88362c4bd6ca679ab021b2b3b74a157663a1667d4e18618acf79743b"
"2024-0038__db594c767fc8f98e.pages.jsonl","db594c767fc8f98e","cd12bb02916ed55767da6f3201cfa88792330a5225d656455d2e8de4f53ddad7"
"2024-0095__53e4fefd2d273164.pages.jsonl","53e4fefd2d273164","ff0e2f56f97a48f8b8b973ad755060ec6974446d489d9055ad7a47bafc8e638f"
"2025-0008__b829efee031a2fcf.pages.jsonl","b829efee031a2fcf","f177aaa4f9ff357f04ecf3ac6e24b95f89368b8923b38d47c556d7c12323e0e8"
"2025-0068__6e80e67e640ba6d1.pages.jsonl","6e80e67e640ba6d1","904b598adb74fd80f408923126d5b9d9ca69a7ccf1fe6c17ea3e2b3976f5f691"
"2025-0138__5762b029d7edbc0c.pages.jsonl","5762b029d7edbc0c","0c4d77d1d8b447f95f67a6cd099ffa85508e3e7999bff69bc6fa34c3929424fe"
"2025-0181__b0e89b78cd668c9e.pages.jsonl","b0e89b78cd668c9e","bb88ebf10e0de80a68ed6ea786c666df507cc59b8c3f5fd689053334399f35d7"
"2026-0017__1f3af1a66dad0ea4.pages.jsonl","1f3af1a66dad0ea4","f75ebc29712a9c0bf4dfe1314cf51c8901092a522a1301aee4ceb614ced17847"
"2026-0079__1f16f3df632283df.pages.jsonl","1f16f3df632283df","e95cf1173cd083585978e6d656d06b89825e6f0f9cb5367f3588dfec2ef2e922"
"2026-0100__34edf2d1b2e65515.pages.jsonl","34edf2d1b2e65515","241d6a1275654143621bd9428d93b5349e7431d7e0b58bb3165f6816bf00c44d"
